"timestamp","src_ip","dst_ip","src_port","dst_port","protocol","packet_length","len","inter_arrival","tcp_flags","payload_raw","method","url","http_status","http_headers","http_body","attack_type","is_tls_heartbeat","is_login_failure","is_ssh_handshake_failure","session_key","sess_pkt_count","sess_byte_count"
"2025-05-21 22:51:59.895355","172.20.10.3","112.91.137.251","60060","30021","TCP","78","78","0.0","S","","","","","","","Normal","False","False","False","172.20.10.3:60060->112.91.137.251:30021/TCP","1","78"
"2025-05-21 22:51:59.966161","112.91.137.251","172.20.10.3","30021","60060","TCP","74","74","0.044439077377319336","SA","","","","","","","Normal","False","False","False","112.91.137.251:30021->172.20.10.3:60060/TCP","1","74"
"2025-05-21 22:51:59.966327","172.20.10.3","112.91.137.251","60060","30021","TCP","66","66","0.0001659393310546875","A","","","","","","","Normal","False","False","False","172.20.10.3:60060->112.91.137.251:30021/TCP","2","144"
"2025-05-21 22:51:59.966458","172.20.10.3","112.91.137.251","60060","30021","TCP","82","82","0.00013113021850585938","PA","c60b77e74d1f238b7522d728b2ea285d","","","","","","Normal","False","False","False","172.20.10.3:60060->112.91.137.251:30021/TCP","3","226"
"2025-05-21 22:51:59.966489","172.20.10.3","112.91.137.251","60060","30021","TCP","130","130","3.0994415283203125e-05","PA","08d822a7b33b9e7e26c90dc7e3ad72bef681eac4203fdae10dabf4dd11abe7c03a5de250d88bad089c6d0598b063f922c458e36a07f1a1706cdcb72cdb2452e0","","","","","","Normal","False","False","False","172.20.10.3:60060->112.91.137.251:30021/TCP","4","356"
"2025-05-21 22:51:59.966654","172.20.10.3","112.91.137.251","60060","30021","TCP","1434","1434","0.00016498565673828125","A","6738e71a855d505c3c2e5f779d3d9ff0fbb720fbe17ad724ac569bee54dc71ac73e4734a6f983e54f142e7626b24c339ebd1b80805ec15616cea7a49bf45665667a15acf07ab1995cb6973475e2e3b223e2c48d7ad754e5d39892728cbdb3f418b1edb9058029c5315250952e78b75843500f95e00a15f3360e6690965fb8277245d08f0fea60e936b26dce7e3bb846952cb9c6851be4ce6d9254f61a99a2b11a6f1b62321df5314ace1bb99f0cc931b4ef57cd2e856e7f8a0bd6f23dda1a73a9029cb3eaef1adf3258afafecb128dfa167aa69a72d6baecc4493029556d606f4272bffb67ce9824889726bbe9ccb3f3c1c64ed22ccecd75b01fc47dee3bb12f8b3c2034e3907b08dc24898d12333495d1a3fc92439ba91fc735e67a1532174df4dbbdffe57214749f49b31453e4d7159d2aefca5d7160a47b765f444fd7d9c90be79f0db1c4f783650760c78c9cffd8ea44edbfbdf5e9207efd521ebd5582693de257df87c9900e11afc502d458efaef6b4c8551f903610b7660612c441d2ac2535196adb6664547c8884b099c84c837d04b32fc976431513acaca3d27820db594f028b348b4941ab98c9d488d5f01741626ea8f95c56672dba4c8b82bd9cc0a4e53f052701593836d627d1a0c9d91c75af983b8e187e4a8adb3f7ac312c1221945138271c57096393c859e664c62ecc28ed22324b24aaba42523f5b1554f9b41c5c7dfd501d6716759c64b77d093198dc74352f58ab35afd87ab2a81b0964102be57a8d3f093661712f31f117eb673732a824d758811a90bf4da84d4155cf12b51b8308795b699a0b6b4eab540972207cba152cdd989070d5fa4560ccbfb26e28f544291ae23994a934c7e28ed2648fb7dab09aff899fa21284241b2bd93f3659acbecd1cc29b3033e3b72a26d06ef8aee12e9e18f7b86b35344f73464d5d6d0f5e95bd86cdf28e9f245fb98353f2517f1d9f863f67a2f1408125f303b083d67bcbf1f51c085cbd971e706820c182176a51b34661565cdaba343ec7535498c150cf33c39536f25b654eda45d5873eb2618a5a0486206f25303268ca2c87526cf1e0d1b850510088cfd6ba1c04c2de553d3662f2d2bde158b49125f5a620af2d02c71542c6007ecb438bc3114ccb5a02ddce94f0055849e155b6bb06e4b1112bc81c5a9eb964debdde6b5d837ecb90aa6d77ffd2017d61e6419dbe1a78a6c6894029e1317b50bf9cc7601c6462abae0590553cadcdc9a72e77029e580343f52e7600111a94e957f5163bb66fb190732b2a14f746d60bdc617ee69d343c52f43ef613ea71ae5804b080624b962c31621b2213e0aa457ac2ee3951785f7ded5f122781268fcbf10879b79cef7ac0950460c4b885e154a930c86615e4b35c7a47f611371134c0e4b5ff3010e011a08ff45096ea16a83ebf2e536975c3639b1a97f1369e2869be53037d3df3b4859741ddb17996a3e9cf537ccb0eca3e01563ab0a812f0fa5ca3c5403365d97e9e3303cfffa28acfab96a1b301432112a57fb7ef7eced63f29fc51e1430b0c3171ee57f803b95be569fdae00cc3fbc18193f0d6d5cfa2d7fa8d5c1d1f242552539bfaf62b9a0bd04bf583d63da74663d824061838d414d61bc17500aa95a340ed35bfec2116e3d4a857095b9f7ff89ba46ea30dda0a299b5fb75931b4817f0a9a6cde024bc868e910a91c7caca349d3c8a82cbf0d635eb80e23e83c23e07240f42dbdf7a9a6cd3c695d3e6a2676812295c5c7febce3877d6831b4bea7a9cb7be235ecf9b1f82bb6ba9b46939c90a2ee06be98cd9f3fd0fef501d3e377b58e852bae9fd565d40654af51e069fe03443a5b53501b78d5322dc483e94f55d66e620555ad78f566e3026e33f15bcea7ad9f34e5754046dbe4331051ecfa157d05d82b5e6dbcee5119e237aaacf88d","","","","","","Normal","False","False","False","172.20.10.3:60060->112.91.137.251:30021/TCP","5","1790"
"2025-05-21 22:51:59.966661","172.20.10.3","112.91.137.251","60060","30021","TCP","966","966","6.9141387939453125e-06","PA","ae56dc00e616cda3e94a86a69a8b5e8cdd929bb85eb114a332db768f772b4107948c53f1e733d5a201594275514a1920a8160102c1af67dbffe8189073366516f1c8092ab4ffd3a74a48b6ca92b4bd1b0dc127285a18784cd88d2a2374017db969e8ab76015debc32482cc761f91dce100860edb3a0e611395a72b30e0586e8c1c0f6d7138c31483c20e8dbd716e3cd0ff86a3cf7ad92c5d5f39a51b2c1f8260a7a511c63ad76a034efcd34adc28886dc29f5df0fe1c7bca947afc2f5e63443e5fc0728e15c178ed6f94e0532bc68b2606d4bada14914e9b210790b96666bdb46af596e969e8f351ac5191b33bfb020b53cefbc500343fe2ae2a0c942fc24bacc64f13046b8096ebba734751b67e66286796e9acc330177a5e7bef3a759876c1e50eb039aa136e61e0b61bfc5221e9e9536298ba0f2886499aa0004264e0c42f065335f1c68410f0d454eccfd944fe8646f4dae83aada94a875de556982680a07f15b5a335932fc2d80637f03b62313f0fb7af8038912bd2ca79b8ca5e29573e95b252c89cb9e489ef400e2ed7489bfa098d3f241e6aa113c0ac75f8da4ea33e5d7813d1665c767f802a0de6caee62d32f385c97d63d42c2dbbff8b2dbd34ecf3ea50b7ad20109685fc4ce96800f53e20a148df0c103b065818496ec275ef538e02b2d9055e4b24b0866a954ef3155b403318544154455797552cec868fb56121be04cf4d91d61d601c93cdcbb3f3d356d4d52a72c9081af2661b278e97bd176ebdea7ea718d5b569a3d87f6dfe8a4e3065f7ace5f0df56522c088e2acd0ac0fbcb147118312744606d4d79f61183d85711e9924b1d7cc879d2dcb0378e9f3709fbcddd75988655e873011f7c6cdf24dfa099fbfefa2105b7141ec20df2501c3c16951c5b7c914ee0c6e51cb9fbbfbe795b3e1930132b96f266dc1a9ab9d545faacc7c9fcc092b68bf454402de8ddcbdf78767ec276588fcc5e674e3a1e37b7b89d8458f003b0f236e8bb7b9b97f2174aa47bce71bf7c3bacef89b9100b982e886492e04c63ac084cb64985c71404d304d143280bdf07d00f1bde051d11c7480174e1e03520b095c880a4748110b1d329675fc9140acb93c0ee9b731f4dd22299b8b51371cd3ec28c41d390e20a2ca7ff0a013c80b1bcd201953f58b6c6af98034674ac85bea6bcf7511b901085aad7ac457cf08daeb07d8ba53ae25ee108cc5ed74be055701a8d4e9843b0759b504bc66358e8639f2464bfd99be6123c3144da72c433d","","","","","","Normal","False","False","False","172.20.10.3:60060->112.91.137.251:30021/TCP","6","2756"
"2025-05-21 22:52:00.027860","112.91.137.251","172.20.10.3","30021","60060","TCP","66","66","0.06119894981384277","A","","","","","","","Normal","False","False","False","112.91.137.251:30021->172.20.10.3:60060/TCP","2","140"
"2025-05-21 22:52:00.027847","112.91.137.251","172.20.10.3","30021","60060","TCP","66","66","-1.2874603271484375e-05","A","","","","","","","Normal","False","False","False","112.91.137.251:30021->172.20.10.3:60060/TCP","3","206"
"2025-05-21 22:52:00.033872","112.91.137.251","172.20.10.3","30021","60060","TCP","66","66","0.006024837493896484","A","","","","","","","Normal","False","False","False","112.91.137.251:30021->172.20.10.3:60060/TCP","4","272"
"2025-05-21 22:52:00.033861","112.91.137.251","172.20.10.3","30021","60060","TCP","66","66","-1.0967254638671875e-05","A","","","","","","","Normal","False","False","False","112.91.137.251:30021->172.20.10.3:60060/TCP","5","338"
"2025-05-21 22:52:00.078386","112.91.137.251","172.20.10.3","30021","60060","TCP","223","223","0.044525146484375","PA","5741b098d9368098ea211c80438356cd857ee309a0943f8dd9a71aafe280fd8977ac29dd3dc64b6a1b765a60908f9dd2f042fd5353a45f7076885c5167f32af8dbee0f970dfbde39b5eccc2cb3c5eab44c0e97e5d535ad36023ac5e49b87dc924aec2d32277d50844863eacf4f135302e9b98e2a71a187a8411561f4dd10ed74b9020449830c991ae385760f8180ef395f05b3e345161326ed84829532","","","","","","Normal","False","False","False","112.91.137.251:30021->172.20.10.3:60060/TCP","6","561"
"2025-05-21 22:52:00.078377","112.91.137.251","172.20.10.3","30021","60060","TCP","1434","1434","-0.0001480579376220703","A","d3bed23ca3bbd470e429106e8ddf50321b7781ce582d7ea0c086d12b4f73ef30f6a75678dbb5a14b8c40403db95fac8be7b703abb10236b72558f45f8d8c8199300a5a68e5ae55500c68fca4eefedcee644587ed876b1cdfefd062ad4128556ee144442d7e40a28dcfea447fff3f5614192cb103ddcbac4df9656e763f2dd0bfc6c47695005fadb3f2cdd2d16700fcf254dd7705afb165ddb2035c7ac27353db9806af36c68a5276df4c228f41a19f200ba1b15850b983b5545bf3cf11cdf783b66427128208200d2bf6909f46e950576ef6fea6e69c807e5cda9af9b73fa48a7b06cce30b2b022e5aa140f5e101830db234ac7120b30084c650e6c3fe65a5ce8b6f4d6de08869f2013ddafb957eab07095be464b3606f43c7aaf94ee9cadd71b16897acf050cfcab6bd7c17a3ffb90ab95a702625c7ceafa5afa0f7741df77af8c87d61aebf18dae432c70bc44d1744c45dc7d8de5890678800c64fb7104367bb48811b5630cf78f5a63cbd3eab5b3af4a1fcf913268a21270dd41a4d59370354ac308b055f70e58e6be6b308163517ad5fc58ebd6cc9a42b342a61ad897df46728b2f6a75595f32cec6fd5e50ed8c017c3068e05b080a0592d44c9218a283a397eb0ed1d8ad6da7d1a9313f26d3c1c6121279b441a912580418a64771970a49b5d6cd098179541d41d7fbabef46266b0d14c9d08d8a3487382da5eb2bc5432e7594dae1b7194d24d04da0a7442ad25c2c853920d8f06d976f37cafe106cb3ad38ca14de41652f050754a8578b2cd40fb8ae265f4b53431554c439027c2767a40d50d7990033bfe8d25f54d20cb0efaad6f14be42727b91461ffd45b7eed93d2d0c051046fa1fd668dc84e2e23015918055c4fb7a680b4aa4ad2a85a259fb1511a737f6b1f5241625011c06539beb0bb9f91c9dbf44e197b609d4e48a74a5307d94e10b49273902fcfe3caa4ffb56605f356b01688989ee335e73d724278b89ae7b3c3857dc334865036524165253b4c9832290a45bfc1e5d09eea071ba2f816b96564a8454f6b824635f802310b07eada046408af4d670e5ba33b8dda8ce286f847a9d941f21e8a8c21268695be95f40c04b54367e4c798db7d88f219845ead24bb77b309af089d8d2aff311035a5ad82a6699043da81b804668fe6800d61ee48800612fe8cd79dab084c563b3dd97cc44fc572dbe33479c5698545185a314badeb95416a57bc2f62831f94672f3251d4ca8f6e435007ad05d8d05cdd66c30519b69695e3bc735713ccc47ab69ef7157bd7a8ae332ca3895683908409aa7fd7d2f3396d201fdfee740ad13dd1d58645ebc575fcd851027e471cce161b62e77059c2dcdbab4fd381ed618f3a542a834b9c09e941654b9c8bdd3ec1357c7674772116f5e3593099b146e56101c73c0d3c95dcff5463e59aa8f353e20bf92facc4739cf0d398736262664f43bd20b17af306ba72c2b21beb8182fb8f243761c90440756366f3489f06f5e739e4566f52c16e572b2796be25d12b79868fc41f52db61a50cba7895557eb2aa5f66c1eb537f82b0761449a69b57f765d9fb3c9056d28bda832db899c3541a6084715b06e318d5837c8650d19993df51d543df14d372ddb6dff746e4eaa295526b255f7121d4ee6ebd70d6865904fd1b9af2756a6a71c4fb88e50ced1d8c04734c70fa95678d907e7b23f34353c3f29be96aa4cf7e498e8d5e9dff9ca12cb943660b408b2021f934d0b8c12be61f9dc8d0fcffe23b1dc7f11beb5e1256ad2fdcb76fa7060c963b5f5f1369e900c1fb24b1d044ec5cee6ae1301f540d3853622e9f423069079585b6ac9d4e0d07e79a34b715103544ba479a057de7ebfa2b4620507078c90ff26e22c9d5e966ef8311896d90cde71a302088c19b4fb325f3bf9c36d604a195e31a703fbb9bf32ee","","","","","","Normal","False","False","False","112.91.137.251:30021->172.20.10.3:60060/TCP","7","1995"
"2025-05-21 22:52:00.078525","172.20.10.3","112.91.137.251","60060","30021","TCP","66","66","0.00013899803161621094","A","","","","","","","Normal","False","False","False","172.20.10.3:60060->112.91.137.251:30021/TCP","7","2822"
"2025-05-21 22:52:00.079199","172.20.10.3","112.91.137.251","60060","30021","TCP","174","174","0.0008220672607421875","PA","d55b3cf5a1d51ae4cd2021f1e3315e6d5e70a0e4fd1d6e2725e381dabd68175b275d2b207ebe65753291eb1c79a48027c13066844ce5feb593dc585be2a5cac9cc6f0c9a74effc10e4afe087935f7938031cc947733b4922e715ce16050f77299cd9b301bf3bea3654ba49fe","","","","","","Normal","False","False","False","172.20.10.3:60060->112.91.137.251:30021/TCP","8","2996"
"2025-05-21 22:52:00.079345","172.20.10.3","112.91.137.251","60060","30021","TCP","192","192","0.00014591217041015625","PA","fe833a9028590aa09441958e7449795e1df663b41819adc1118f6b437ab9a26e7afdada902aaa04a808c459ac68647469d2f0e3341956bf697df6e725db577c6df37ac927b7a7ce9c420a942f609fe5fb03b740d71c14b884c03dc7b5cbd7f2a9016987c25d9a3f1a83bc99bce1703047af7237e3d2d8ce8233f8c1e020f","","","","","","Normal","False","False","False","172.20.10.3:60060->112.91.137.251:30021/TCP","9","3188"
"2025-05-21 22:52:00.079506","172.20.10.3","112.91.137.251","60060","30021","TCP","445","445","0.0001609325408935547","PA","275bd80255f5dc148dadf142f97c0ea5789c7efaa78d0b627e2be9de71a6d1b11b634a19517e320127c2f35c51be1963a1b8a58349e729df6d9a81a1c7d8a5ead877db8094d13f6f658e0547759dead897ea1deac42adbaac9d8bbe78f03ec723f2e7072f02b3207e742a6aa1aae67dad14e84e389bf3a141dead9117c99053df43be5d2917998771ac2df21d92f8d035cc5bc6c9a3dd4ea9911f9742edd0a7b64f5a36255fcd9f9cfc370478b1442a0a73acd1592ee59f955d6651fb8e45f4b740b6c758c0b97763f7100555f162e07cd0358dd684dd0c4364a0f8278d01e91449c63ae90ac4e88205ef151b555718534cbbf1a3f46b8bc96334f41ba963503f42fa8df71eff615eb2bac2dfc8708fed485452fb2d1531c272bbd262d874c8c81b3f4d1fc87aac6d3dff158df98b217a74e9248064ad51170381ba64078f01bb5a0e3e8ac66a021247d9545bd30832601fc67766090b43090459e8c37f4635a492efa995e5d0bb38a011e56834a12968618b6b7a0597d26d49663","","","","","","Normal","False","False","False","172.20.10.3:60060->112.91.137.251:30021/TCP","10","3633"
"2025-05-21 22:52:00.079523","172.20.10.3","112.91.137.251","60060","30021","TCP","204","204","1.71661376953125e-05","PA","51423f8413ac8c95e0eb23215bfccf2e45a352036dfd17d505c818df59cfd18b54f78947fb5da2cfde99197f0a47df1629b448d3611fcc9623ba991d539941c886a77f57961a3eee1ebf77f9bda5e63c14dc63ac53f1cae3bc83a4f3d8ce88ff37b06d2b46fa8df9fc573750c0a8ea3168a0f01ac81a5e3ba8e9aa22b77cbbe189cc04de1e36fde39525","","","","","","Normal","False","False","False","172.20.10.3:60060->112.91.137.251:30021/TCP","11","3837"
"2025-05-21 22:52:00.138045","112.91.137.251","172.20.10.3","30021","60060","TCP","66","66","0.05852198600769043","A","","","","","","","Normal","False","False","False","112.91.137.251:30021->172.20.10.3:60060/TCP","8","2061"
"2025-05-21 22:52:00.148316","112.91.137.251","172.20.10.3","30021","60060","TCP","66","66","0.010270833969116211","A","","","","","","","Normal","False","False","False","112.91.137.251:30021->172.20.10.3:60060/TCP","9","2127"
"2025-05-21 22:52:00.148315","112.91.137.251","172.20.10.3","30021","60060","TCP","66","66","-9.5367431640625e-07","A","","","","","","","Normal","False","False","False","112.91.137.251:30021->172.20.10.3:60060/TCP","10","2193"
"2025-05-21 22:52:00.148309","112.91.137.251","172.20.10.3","30021","60060","TCP","66","66","-5.9604644775390625e-06","A","","","","","","","Normal","False","False","False","112.91.137.251:30021->172.20.10.3:60060/TCP","11","2259"
"2025-05-21 22:52:00.182621","112.91.137.251","172.20.10.3","30021","60060","TCP","1082","1082","0.03431200981140137","PA","9c800085fcc7e278f685c3aa62eb336d41e2d3173c260054f265586eece43e5d68a618fc1b38602e193837f570c324392154a3fd73fcade65472ea9dabb43b637728f4f424c951d938a8671e2e640dde0b96574ef941eb230ffbab94b429bac0d285567d306eedb56fa012e565aeca6a6fce377d4238f73f7134e390ae5202262f0aeecf25c40a7f43566b738ddce276126fbabcdb1b5948eb1c8ce6cf79b00e229bea4a84473c2b9c16385fa3b375f2efce235d4311dbf976fad8040046f001ef04467fbc1023f715c924596301bcdd1b4db7e7c1a6dedb545993aa0d06641cf3f56a8ac9a0a19415c65729c5e22cf0eacb8d3af0d6f40ecdca92eb30c4a5ac17b63094a745813c6cbd1b5dc0b4dee5bf7b13ba1cef510eefc928c1c0e45ce2a02f3220dc46af7eabaa2a2bce783934e7e5335dd8cd104ee5ff18132a80bb154e0053d882466626c2414858e2543a9f8da1a6abdc90d3b3e994b625d58f5710f1fe22abbc9bbbb90d96e685f0e6c4b81114153476c57168d805b818713164d4057ecc201389ad8475e7d5287edc5762c1f9b8f380c2f44625037c15f49be3520f436d164899b445d93e37740c8c42746197e22e77cfe8bbc103577d6f8452d75ebf1cd82aedb8605b7546607a1078e846fb3b03c37e34eea51e2d8828b6491b718c0913dcb4eba606b8d94dacf3476e438707a944c81ff4bb87afa14644843e15ccabc4cc7993fd67750e2fb306c1840a7e14d7a9fe8ee518b45f7f9d80e2824593cf896bde06a1eabcf335920e91c46ab51cf805b1e6f96eedc611635bfe98428a31793fabc017a10241cba6f4c0de6bae2a7ddd95e358f904807f1eed4526db20ed62703b988cb911798566d81a6f4a473bc58482ab3d5a0c66758e3e014912003f04c40c32172154e8a4e3d749b9d879cb28ddb9d2fb7cd3461c5d2ce4fedf9077622547bc849f7a5552f4a8deb062a7439cb84b4b3be90df8c4e7b2b502168e8f59de95bcdf09d1ce26634f649a13ade05b281612709123a547355a1fdec16aeae7ba13957743d929c7533cb84e32653296b5b59f8280025ba91fa9cee9e5ebaac943c7b8cbc38bdb27dc7e6348f01f1232c9dd6b70913a06f23ec9f58edf28ea6432817b166857f80bf74ea4025a9b2009908dbec79e27d3663d57417dea22d8fdaacbd4a7dbe4f36e98fb9f2d3ac9e9e062b5ff492f888243895a06182d8153fe6bbaaec0217a8aed0dbdd16abebfa6da0ca262380f1dd041591399ed0315a44e934dd841e53d9c44c5f609190beb333598a1a17b8fc8029aead083dc39ea652d236158363ffd40d2ff789914559ef3143a2a4e57b3761c061418460bf2f32acf263464a611bebb8dde38515fe87b8eabb2e76d8a8a70b379b52a5e2e6545ae1419b578defb29f7132a28689b61994ed5f15b6cd1","","","","","","Normal","False","False","False","112.91.137.251:30021->172.20.10.3:60060/TCP","12","3341"
"2025-05-21 22:52:00.183022","172.20.10.3","112.91.137.251","60060","30021","TCP","131","131","0.0004010200500488281","PA","f78799ac82dcdafa2d0e39071ee0dae22be64c4bd128127ea9a7e6d4b6de914731c44b39cc1f8b097e1eef604b778be4c4db5fca3da51e71d58e9564b2f34d9aa9","","","","","","Normal","False","False","False","172.20.10.3:60060->112.91.137.251:30021/TCP","12","3968"
"2025-05-21 22:52:00.182724","172.20.10.3","112.91.137.251","60060","30021","TCP","66","66","-0.0002980232238769531","A","","","","","","","Normal","False","False","False","172.20.10.3:60060->112.91.137.251:30021/TCP","13","4034"
"2025-05-21 22:52:00.188270","172.20.10.3","112.91.137.251","60060","30021","TCP","66","66","9.012222290039062e-05","A","","","","","","","Normal","False","False","False","172.20.10.3:60060->112.91.137.251:30021/TCP","14","4100"
"2025-05-21 22:52:00.188180","112.91.137.251","172.20.10.3","30021","60060","TCP","131","131","0.005455970764160156","PA","6a8be168c1aa683f198733b43db8bb29f54455863010c63c4e581a3b4264a4c1ed711166cdbb3d54bf69bcf70180a2b81393ae945160217f996f5d0f683d37a071","","","","","","Normal","False","False","False","112.91.137.251:30021->172.20.10.3:60060/TCP","13","3472"
"2025-05-21 22:52:00.193899","112.91.137.251","172.20.10.3","30021","60060","TCP","704","704","0.005628824234008789","PA","6a33660d7e5b21b385d8bfcaf278bcea030722a089a3157db7ea851c235ed69833a54e3363b6522bbb1d78749724020b9214a34467076e7b5bead553875f4ff665f5af2de4de985ec44e51764a72b656bfd94f77a650f89c0fb58bfb7291b3df5b43f5a350319839111ab97d9da8838b9cc1f04bbaa9b1289c9ef50b899617598273f8a7abb92911f14d06b7e1dc83123681c9ed0bf63be8dbc4425597cedd7483ace73074c819d78f22ee464cd9f4f4935ee79165604bc1a32843e8e1bcbced8c6205ad1effe9ec89c81ba90e8c02cbec51e0c1b253b842fe1f68515869ac8eb1b9cd5ac001c3b052d930501317847a93054a164ad9aede89d2859cf20444590a6fced1b8f064f9bc65654ae7c839c3438a43d6d0172a1d83bd64ca23b8a5941d304e94ca99bb2def31285c84f89fe68b22e187d141230518da9f0d55e29523a5c2a9a0feaae6a5a62be715f9fff668c7fb480b87428aa1c358c2508f1392cc7e345011ba7d517f0746736c2129bfe272c49ab9c8ed85b62f64581bba943a4ca8aa9c1bee62cb4915bda690bba909f908050ba128781196eae1add58fa9511cb44ff408e42b68bbd82494a36f832f1ddb93d4c70ecbd34ca7ed23abf4c71268a119440fb1d1fe7c784e080d77bfa1aae3b4583e7463e036cd721a6c558588a9fd75f12f5e6a5777affaa63fca1f4897fb082546580e9a21a03f0ec0ae1e7ad57cd031abeff67377d05e44e429106cb0d744fc6f39e688829a0639ae3f2c79c44d945546c079a6edb31b7adfc6967bf8003d271a0cfad3879e3ccc0dfeae56e3f7c185b204f3f5e909cb1590cbf6f99f7effacdea1618dac3f4393189afe46ffc3da6367c7b2a07a5043f9e3c45e613848549b4fcba1a99b82bdb7b362a8","","","","","","Normal","False","False","False","112.91.137.251:30021->172.20.10.3:60060/TCP","14","4176"
"2025-05-21 22:52:00.194692","172.20.10.3","112.91.137.251","60060","30021","TCP","139","139","0.0007929801940917969","PA","b481b78e6f5ee4240b33d28323b96e842b79ef97c5c2c02d5be02bf193f5612cd750de51327641694de6620c506bf410340c92b1a4c23e73e751ac1a960a2d79f8d4653e4478644d0a","","","","","","Normal","False","False","False","172.20.10.3:60060->112.91.137.251:30021/TCP","15","4239"
"2025-05-21 22:52:00.193947","172.20.10.3","112.91.137.251","60060","30021","TCP","66","66","-0.0007448196411132812","A","","","","","","","Normal","False","False","False","172.20.10.3:60060->112.91.137.251:30021/TCP","16","4305"
"2025-05-21 22:52:00.245660","112.91.137.251","172.20.10.3","30021","60060","TCP","66","66","0.051712989807128906","A","","","","","","","Normal","False","False","False","112.91.137.251:30021->172.20.10.3:60060/TCP","15","4242"
"2025-05-21 22:52:00.263140","112.91.137.251","172.20.10.3","30021","60060","TCP","66","66","0.017479896545410156","A","","","","","","","Normal","False","False","False","112.91.137.251:30021->172.20.10.3:60060/TCP","16","4308"
"2025-05-21 22:58:54.605026","172.20.10.3","112.91.137.251","60367","30021","TCP","294","294","0.0","PA","347c8b2cf6e4d387309497aeb0519b0d70b6dc110ff4646c6a025f34ff7554a5367fdc84d4d4af5fb3eb83e4b49d939f225478f5aac54da2e0e5240b3f3e59ffc442ca51b0ea9b0d711c62df1fc523a235e07b8e85cca962b65e1f1446f5e0615409a3091348233ac8760c0e2c15aa1f21b202fcc46d6057dc934b11a39d8327b60118e919e7603095651377e9778e43d06b674279de083e8224bdb75b7601993ab3445f9b2f16bfe9c937765a60ec489998efb5402ec246d86734980b0f29793d294abfd1309c49341955c1fb56a37fbbb0b0662ba3e634de8dee5dd7c1d21f4e5a4073","","","","","","Normal","False","False","False","172.20.10.3:60367->112.91.137.251:30021/TCP","1","294"
"2025-05-21 22:58:54.616043","172.20.10.3","112.91.137.251","60457","30021","TCP","66","66","0.00010919570922851562","A","","","","","","","Normal","False","False","False","172.20.10.3:60457->112.91.137.251:30021/TCP","1","66"
"2025-05-21 22:58:54.616187","172.20.10.3","112.91.137.251","60457","30021","TCP","66","66","0.00014400482177734375","FA","","","","","","","Normal","False","False","False","172.20.10.3:60457->112.91.137.251:30021/TCP","2","132"
"2025-05-21 22:58:54.615934","112.91.137.251","172.20.10.3","30021","60457","TCP","66","66","0.010907888412475586","FA","","","","","","","Normal","False","False","False","112.91.137.251:30021->172.20.10.3:60457/TCP","1","66"
"2025-05-21 22:58:54.616143","172.20.10.3","112.91.137.251","60457","30021","TCP","100","100","-4.410743713378906e-05","PA","8a83a0d7315be35f3f1c533ba3eb436e4f4ca31a502e9b699e783fb9c2b1a1f118fb","","","","","","Normal","False","False","False","172.20.10.3:60457->112.91.137.251:30021/TCP","3","232"
"2025-05-21 22:58:54.619668","172.20.10.3","112.91.137.251","60461","30021","TCP","78","78","2.09808349609375e-05","S","","","","","","","Normal","False","False","False","172.20.10.3:60461->112.91.137.251:30021/TCP","1","78"
"2025-05-21 22:58:54.620215","157.148.57.44","172.20.10.3","8080","59211","TCP","54","54","0.0005469322204589844","A","","","","","","","Normal","False","False","False","157.148.57.44:8080->172.20.10.3:59211/TCP","1","54"
"2025-05-21 22:58:54.639883","157.255.209.247","172.20.10.3","80","60459","TCP","54","54","0.019668102264404297","A","","","","","","","Normal","False","False","False","157.255.209.247:80->172.20.10.3:60459/TCP","1","54"
"2025-05-21 22:58:54.665761","112.91.137.251","172.20.10.3","30021","60367","TCP","66","66","0.014821052551269531","A","","","","","","","Normal","False","False","False","112.91.137.251:30021->172.20.10.3:60367/TCP","1","66"
"2025-05-21 22:58:54.677380","112.91.137.251","172.20.10.3","30021","60457","TCP","54","54","0.011619091033935547","R","","","","","","","Normal","False","False","False","112.91.137.251:30021->172.20.10.3:60457/TCP","2","120"
"2025-05-21 22:58:54.677370","112.91.137.251","172.20.10.3","30021","60461","TCP","74","74","-1.0013580322265625e-05","SA","","","","","","","Normal","False","False","False","112.91.137.251:30021->172.20.10.3:60461/TCP","1","74"
"2025-05-21 22:58:54.677530","172.20.10.3","112.91.137.251","60461","30021","TCP","66","66","0.00015211105346679688","A","","","","","","","Normal","False","False","False","172.20.10.3:60461->112.91.137.251:30021/TCP","2","144"
"2025-05-21 22:58:54.677378","112.91.137.251","172.20.10.3","30021","60457","TCP","54","54","7.867813110351562e-06","R","","","","","","","Normal","False","False","False","112.91.137.251:30021->172.20.10.3:60457/TCP","3","174"
"2025-05-21 22:58:54.677720","172.20.10.3","112.91.137.251","60461","30021","TCP","82","82","0.0001900196075439453","PA","f05367b9b0f20e6b5911330af14b7f31","","","","","","Normal","False","False","False","172.20.10.3:60461->112.91.137.251:30021/TCP","3","226"
"2025-05-21 22:58:54.677770","172.20.10.3","112.91.137.251","60461","30021","TCP","129","129","4.982948303222656e-05","PA","f1c458842666b944bf20ae5ec068a38c35b1f9d67dc891410e25e79056981c62ae1e1e21f1b33fecfe2c9954c959b1c7af3bf739528ecacf269553c93aa55a","","","","","","Normal","False","False","False","172.20.10.3:60461->112.91.137.251:30021/TCP","4","355"
"2025-05-21 22:58:54.677944","172.20.10.3","112.91.137.251","60461","30021","TCP","1434","1434","0.00017404556274414062","A","45e11d7b965386e7000a51268de116c0963d8fac39ded2ccc3dab667b13e17b6955ec81c48456a9492e2b65c69e085fef89c638fc65be7d4c557121bb76cdcdb576eb07f3fed3d45975352fe695099e4edf76d93d641c6e4b1eefb6e5de58af4fe0dd637469fc37496c70365e0e96e9500f3f7b56151419b9249e0e066fec28e31bc5a9ac10c06e8f9a31e6d61de75773bc6c9e6aea2e9845709382066008ab528043ecaacfa91537369c0f937ccb1167d50a7e059ca816e26427bdab784eb3563fd367fcf2adfcd14103309be826e738ca53a3bd42edce2979ae680ee4ad69c5a53eb7e65ad37458065dc8d8c4e64329c1c34ce01974f8efa4c8c70133cd33988f3ef44681a1237902baae825de6aee5270595bb69278d354f513d6d882c7d29ab01c99ad6afbb5665ee43f0e0bcef7d78fba8397f903953342518480ad969824003d9d3247be5a65bdec21103b2395cb1d4a28e7d2fa31263d677bf76d40b40df6050fdb036bcd2a4287f09dcaa57e4f77170e2fcc1ffdab87c74bfa41dbc5b7e19468706284b85feca3bfee3652ff26d1599e7250525c262ce233ac5443f300b6334fcec1823778ad7d55972ec0bf6ed38e673067f436fd892d255feab8f954deb181d68d9b8e26677a54a1faaad60b9dd2f34a7066bf81c909200bf075b32efc78a3a0d915efe4ae32612f48d20b416ebe63161e75f6d6a7e927f58abcfdd25dbfcbba4ee01ed1c3761212a407e1fe6770d98a78725305af7430a44b0c6fd6c4bbdf29880f98e66e3d9cc8a841d1fbbba772d65dcfeb22bd12e20b0a7fddd28abb26526e51fefaf11a2ebadba7cff37819ec999df6286d7fafb8c55251c26c9344b0607f18f3264c64411c2455e78953c734dea8eb8ae08a7053fb07eb34d7702891ee859c423f090e7c5986f81c2c7a6b484e6795fe089c4629a27866f2c1e3eec664dbed6d8da1a2ee12972d348ad9d685e4f2c1e60e52568becf57495ab761913f6eaa7d2077d18bba675a2957aec8d1617a6b1d6ad133b2707855ff8e85052fc185c6e1f805eb8bccefa501aed6fdbeb0619cd0f4907c80b21e34a6c748db890c4ec84f801832dc50d61d6d8c5b6cae4b7fe3c62cf475e2e02186e9e9a78a7789c57c958e645750b4a0689564170c1140f3ab25a9d1e1e8998a2f57d8eef82c807a0348f1850637838f7c121fca5b62f5941a14a2da7553c2c2170410ef014be6380511150c956375b222b9ae1f845e2465559828758ae85f017593c872915daf19479a1535ee096c5ffe141588c031dd22a3529bf02ebff416ed20a3199e0e010171d658b43b51bcd8ad8a15daeb28c557228676bd26fe7d2b70b4d7a3bc4b900d7bcf93303b95abccaf2904c3355f22b1884f70612aef844849de1b89b014ca84e462d9f4e89cf488965338773d73fb333e124ce7871e9b2ed5ffa17badda3887d6744308b2ec8645804afb976514db2be8960a21e35954db241f3a929d9c4f3b3cd9e55680cded780929d18b3138dc2a1ce003787e15de92d0586328e1f6bda0f52b9b8fdaeaf594dec69f53d929737e455e96a7cbf262580a3d9c9c0e780ce8761f522afb03ec6c8e55d8aa98b710db427fb53f2777fc75915e7ff86685f4569f75e039f0db3725238e3a4d1fb1dc9be69a274e55b3c8f3dd0ee95577b62653257727fd1b37a5cf198a081a0811ad7ae63d588b8d024df3645c3dc60e7de3ba8236872d211c6b399a4895c02a48e7109c2af9255cf5b24648a19e274b2807951466dd15ef5777e94285bf237939a152c4c3a38d913c8d173dee24fb029b8c7bb9cd4be0af9772d92b14486fc210d9e535de02baa4eb699c6a91f1212e1ed2506a67a44bb3234a72fecf81c6a81a58ed1b8279516e6ce97f2832ffe1716f59e4ba5b82874a3300a000b7868ce85f0bc03ff14","","","","","","Normal","False","False","False","172.20.10.3:60461->112.91.137.251:30021/TCP","5","1789"
"2025-05-21 22:58:54.677954","172.20.10.3","112.91.137.251","60461","30021","TCP","531","531","1.0013580322265625e-05","PA","0f0732fb2a5d2bca795cfdfc463c5d97199f480db4bd73b27bfbf004ef65399438b1df4aabac317b00d99f7721ef8c12a565ceadbefd0699950f3228940f87901461e23940c763cf36e22e7e11cbf4ceccc1edba4e01e8f11e957dd20e4baaa08d1482468a2d4406603f4fd3e0104c7fdc847ccc5ee72cd4a8a427444751c880794257cb9a6df2e8317a07a1ddcfa12cf9de3505e0d2f975a9727b7d498598231d04f24a79a0593a94d78662048efb4878b595ddcf1939f63914d6f28c7d675d7333a29372f4ee18337f7df4dbbd1d8f419ed94181177f4efc7c4b49434e24131ea13f3fe49fae56f6ed1a0d1a37f0983b77b9ad1cb3dc2d3d4f1f5dc365db8cff91b190efd2e3dd678bd3cba4970f022ed44d7fe7bb20195234227260f024a1b2989ef0a51c0d51d70a69d9d4d06ff3cda81c2470040ca167d96a9d62a2fc033374f25128b8c0abe0097691153da69c37ccaaf404ed7f11060670f4512f251aec6ecffb2afb598c94c199f531e19512a6797bd28e5f49148881d746072e5fce8728a4043750c61ed86d8116c1453a8c11a14da22955990a0f551b812a5170caead66dc9ecb582a2789f40029c298ca98f9fbc7500888975f9d85956bd430517721c295cc3c2c6d95083297c72e6d80090","","","","","","Normal","False","False","False","172.20.10.3:60461->112.91.137.251:30021/TCP","6","2320"
"2025-05-21 22:58:54.745895","112.91.137.251","172.20.10.3","30021","60461","TCP","66","66","0.020067930221557617","A","","","","","","","Normal","False","False","False","112.91.137.251:30021->172.20.10.3:60461/TCP","2","140"
"2025-05-21 22:58:54.745894","112.91.137.251","172.20.10.3","30021","60461","TCP","66","66","-9.5367431640625e-07","A","","","","","","","Normal","False","False","False","112.91.137.251:30021->172.20.10.3:60461/TCP","3","206"
"2025-05-21 22:58:54.745887","112.91.137.251","172.20.10.3","30021","60461","TCP","66","66","-6.9141387939453125e-06","A","","","","","","","Normal","False","False","False","112.91.137.251:30021->172.20.10.3:60461/TCP","4","272"
"2025-05-21 22:58:54.746792","112.91.137.251","172.20.10.3","30021","60461","TCP","66","66","0.0009050369262695312","A","","","","","","","Normal","False","False","False","112.91.137.251:30021->172.20.10.3:60461/TCP","5","338"
"2025-05-21 22:58:54.770887","157.255.209.247","172.20.10.3","80","60459","TCP","54","54","0.024094820022583008","FA","","","","","","","Normal","False","False","False","157.255.209.247:80->172.20.10.3:60459/TCP","2","108"
"2025-05-21 22:58:54.771048","172.20.10.3","157.255.209.247","60459","80","TCP","54","54","0.0001671314239501953","A","","","","","","","Normal","False","False","False","172.20.10.3:60459->157.255.209.247:80/TCP","1","54"
"2025-05-21 22:58:54.770998","172.20.10.3","157.255.209.247","60459","80","TCP","54","54","-5.0067901611328125e-05","A","","","","","","","Normal","False","False","False","172.20.10.3:60459->157.255.209.247:80/TCP","2","108"
"2025-05-21 22:58:54.770881","157.255.209.247","172.20.10.3","80","60459","TCP","804","804","-5.9604644775390625e-06","PA","16f104002e0000002a0204f100a8936b9e5747ba43cf7fa3fb4c91dc55c0e8e9c2c27890284eb5d52e7e6b5bbd1a000000010016f104003764ecc745d494dfdc43005d7e905d21628250a05c899a55a55feb421e75fa34da81745bcc4655566dc9ac5dbfb746d44c3ca4010096438517f10401fb27bcddd784008c1683141bfbaef646da996e2142099d1b913bff77eccdb10d74041c7a52e68199fddb9d9824259d81675d5ad238ca55dedea64646740cc6e2d7503527c71cccbdcc1ff32577b47e1d95e599db2e1fb9dac9ec485e7e244843f057c8431f73f223c2a4721d1d13bc773a0e3a949f94e487467cac6f2aa291bbef56ddc37d1c77a6f9ceba88978ea6671675949fe9651bd7ae83f0e4c45db2c0f9cefd901f8d47ffb89460d580c4b000ae3d610eb78fa7dc4f2196afb77f37bb4cbc585fba6ffdec124629ca8e91f6fd019a8f005ea470dd5c29b72e2de5a379aa98356561492531764efdc4ce161e9756f57fc4e34ed752a5c737052a0f74b1cf618d1ff44bd3d16006e38c5d6f44187a41646f500df9bfd68a0cae28049b92708858c94e9edab9cf758e1d27460a576ad3fabf4762f9c23647ce617272bd60c986c007b63964010f189dc35d42866f8f9d9b9e286a892284ee9abc35d8113d4b23fa8d539bb8a01b6bcc9953cd42afcef231ba0a81677dbb31555a8e94fc58c8ff6bb5302c55684a446831751a09016344e067065491e568b93531621eab68841b5aa974dad41ecb2d436a6bee383c228876062171934835cdc90b9c33b4bca8bae7b3acdef552e06b6d1fea15722bd38c09832deb4b1b469bb267132edc42d959e404cc30de83ccdd296cbad8dfe23c187a3cb02fd17068350dc015f1040017abb38daec905dc1e43467b00dd8604144bfacde5416404","","","200.0","{""Connection"": ""close"", ""Content_Length"": ""651"", ""Content_Type"": ""application/octet-stream"", ""Http_Version"": ""HTTP/1.1"", ""Status_Code"": ""200"", ""Reason_Phrase"": ""OK""}","ï¿½ .   *ï¿½ ï¿½ï¿½kï¿½WGï¿½Cï¿½ï¿½ï¿½Lï¿½ï¿½Uï¿½ï¿½ï¿½ï¿½ï¿½xï¿½(Nï¿½ï¿½.~k[ï¿½    ï¿½ 7dï¿½ï¿½EÔ”ï¿½ï¿½C ]~ï¿½]!bï¿½Pï¿½\ï¿½ï¿½Uï¿½_ï¿½Buï¿½4Út[ï¿½FUVmÉ¬]ï¿½ï¿½Fï¿½L<ï¿½ ï¿½Cï¿½ï¿½ï¿½'ï¿½ï¿½×„ ï¿½ï¿½ï¿½ï¿½ï¿½FÚ™n!B	ï¿½ï¿½;ï¿½wï¿½Í± tzRæ™ï¿½Ûï¿½$%ï¿½ï¿½g]Zï¿½8ï¿½Uï¿½Ş¦FFtï¿½ï¿½ï¿½P5'ï¿½Ì½ï¿½ï¿½%wï¿½~ï¿½ï¿½ï¿½.ï¿½ï¿½ï¿½ï¿½H^~$HCï¿½Wï¿½Csï¿½#Â¤rï¿½w::ï¿½ï¿½ï¿½ï¿½F|ï¿½o*ï¿½ï¿½ï¿½ï¿½Vï¿½ï¿½}wï¿½ï¿½Îºï¿½ï¿½ï¿½ï¿½guï¿½ï¿½ï¿½e×®ï¿½ï¿½ï¿½ï¿½]ï¿½ï¿½ï¿½ï¿½ï¿½ï¿½ï¿½Gï¿½ï¿½ï¿½`Õ€Ä° ï¿½=aï¿½ï¿½ï¿½ï¿½O!ï¿½ï¿½ï¿½7ï¿½Lï¿½X_ï¿½oï¿½ï¿½F)Êï¿½ï¿½ï¿½ï¿½ï¿½ ^ï¿½pï¿½\)ï¿½.-ï¿½yï¿½ï¿½5eaI%1vNï¿½ï¿½ï¿½ï¿½Vï¿½ï¿½ï¿½Nï¿½Rï¿½ï¿½7*tï¿½ï¿½aï¿½ï¿½Kï¿½ï¿½`ï¿½]oDzAdoP ï¿½ï¿½ÖŠï¿½(ï¿½ï¿½pï¿½Xï¿½Nï¿½Ú¹ï¿½uï¿½'F Wjï¿½ï¿½ï¿½Gbï¿½ï¿½6Gï¿½arrï¿½`É†ï¿½ï¿½9dï¿½ï¿½]Bï¿½oï¿½ï¿½ï¿½ï¿½(jï¿½""ï¿½îš¼5ï¿½=K#ï¿½ï¿½Sï¿½ï¿½ï¿½kÌ™Sï¿½Bï¿½ï¿½ï¿½1ï¿½ ï¿½g}ï¿½1UZï¿½ï¿½ï¿½Xï¿½ï¿½kï¿½0,UhJDh1u	cDï¿½gTï¿½ï¿½hï¿½51bï¿½hï¿½Zï¿½tï¿½ï¿½ï¿½-Cjkï¿½8<""ï¿½v!qï¿½H5ï¿½ï¿½ï¿½3ï¿½ï¿½ï¿½ï¿½ç³¬ï¿½ï¿½Rï¿½kmï¿½r+ÓŒ	ï¿½-ï¿½KFï¿½ï¿½g.ï¿½Bï¿½Yï¿½ï¿½0Şƒï¿½ï¿½)lï¿½ï¿½ï¿½ï¿½<z<ï¿½/ï¿½ph5 ï¿½ï¿½ ï¿½ï¿½ï¿½ï¿½ï¿½ï¿½CF{ İ†Kï¿½ï¿½ï¿½Ad","Normal","False","False","False","157.255.209.247:80->172.20.10.3:60459/TCP","3","912"
"2025-05-21 22:58:54.771179","172.20.10.3","157.255.209.247","60459","80","TCP","54","54","0.00018095970153808594","FA","","","","","","","Normal","False","False","False","172.20.10.3:60459->157.255.209.247:80/TCP","3","162"
"2025-05-21 22:58:54.789825","112.91.137.251","172.20.10.3","30021","60461","TCP","66","66","0.0186460018157959","FA","","","","","","","Normal","False","False","False","112.91.137.251:30021->172.20.10.3:60461/TCP","6","404"
"2025-05-21 22:58:54.789947","172.20.10.3","112.91.137.251","60461","30021","TCP","66","66","0.0001220703125","A","","","","","","","Normal","False","False","False","172.20.10.3:60461->112.91.137.251:30021/TCP","7","2386"
"2025-05-21 22:58:54.790043","172.20.10.3","112.91.137.251","60461","30021","TCP","100","100","9.608268737792969e-05","PA","430fde3df2d02236c37b4109c37e397ab9e933efbae0d80e73ee70745d119e392098","","","","","","Normal","False","False","False","172.20.10.3:60461->112.91.137.251:30021/TCP","8","2486"
"2025-05-21 22:58:54.790088","172.20.10.3","112.91.137.251","60461","30021","TCP","66","66","4.482269287109375e-05","FA","","","","","","","Normal","False","False","False","172.20.10.3:60461->112.91.137.251:30021/TCP","9","2552"
"2025-05-21 22:58:54.790877","172.20.10.3","112.91.137.251","60463","30021","TCP","78","78","0.0007891654968261719","S","","","","","","","Normal","False","False","False","172.20.10.3:60463->112.91.137.251:30021/TCP","1","78"
"2025-05-21 22:58:54.830307","157.255.209.247","172.20.10.3","80","60459","TCP","54","54","0.03942990303039551","A","","","","","","","Normal","False","False","False","157.255.209.247:80->172.20.10.3:60459/TCP","4","966"
"2025-05-21 22:58:54.854916","112.91.137.251","172.20.10.3","30021","60461","TCP","54","54","0.024609088897705078","R","","","","","","","Normal","False","False","False","112.91.137.251:30021->172.20.10.3:60461/TCP","7","458"
"2025-05-21 22:58:54.855609","112.91.137.251","172.20.10.3","30021","60461","TCP","54","54","0.0006928443908691406","R","","","","","","","Normal","False","False","False","112.91.137.251:30021->172.20.10.3:60461/TCP","8","512"
"2025-05-21 22:58:54.858386","172.20.10.3","112.91.137.251","60463","30021","TCP","82","82","0.002777099609375","PA","0c236e8689a80b5b1efe9e57bde4778a","","","","","","Normal","False","False","False","172.20.10.3:60463->112.91.137.251:30021/TCP","2","160"
"2025-05-21 22:58:54.858285","172.20.10.3","112.91.137.251","60463","30021","TCP","66","66","8.392333984375e-05","A","","","","","","","Normal","False","False","False","172.20.10.3:60463->112.91.137.251:30021/TCP","3","226"
"2025-05-21 22:58:54.858201","112.91.137.251","172.20.10.3","30021","60463","TCP","74","74","-0.0001850128173828125","SA","","","","","","","Normal","False","False","False","112.91.137.251:30021->172.20.10.3:60463/TCP","1","74"
"2025-05-21 22:58:54.858411","172.20.10.3","112.91.137.251","60463","30021","TCP","129","129","0.00012612342834472656","PA","4f1e1de962b574b8a61dcda5627402827b51e6cb409318c7ac394a3ef29e7d8848d2d90bca33a0268c2379afc6b0a0edaaeee9de39ebdccefe15a6a771f2f9","","","","","","Normal","False","False","False","172.20.10.3:60463->112.91.137.251:30021/TCP","4","355"
"2025-05-21 22:58:54.858515","172.20.10.3","112.91.137.251","60463","30021","TCP","1434","1434","0.00010395050048828125","A","3a44968a47b730ee0ae82ba3b01205471857c12d22c53dbcfe952d364f4adb7dc4e6a22028f72dd2b74e349865dd4bad7ae2d2ab6a467e6c686c0dea4aa9c0f24650a73dcf6455f86934b23838fb090741e98c2355313ad9f7ad17406c08dd51bc95660ae24c670c89d5e25c6ffb912aee66de6539910305ba23389a314905bd9cfb7f64b62ce37f892bda5073b8ac657f6288df0ed216973dd4efe2071f0c18326a546f3d362c24f8fa9ae232ddb054a8623b8807fd329319417d5f47b09649c7f5b073178ea59e204e550435e8159ae3c5ac86eff584c68804cc3a7d43feb2ce97a5915705c6268de6b71bce281a3e0925604dad8cd1a41e47a565e194507da232a9bd1fc7dfab80a8f31d8a18d82bf4ce94f6061bf8a2f195da318484c2e52c3111ee96c06f0785b1c151260ee3a612a32b8e4d0007e058e90dff7fb5e31e6207ac54f0906ac3569bad54d488ccb9345924ee6ebe0e73c594401931054f47855dbfbcbcc76b9e4b2265529bcbfe2a8f065173dcc81fb26908aee7f52aa9b537066bd82196ef99e9c6fa4a0ae195628274d8ed68eef34e029d0da92bb505356bdd7b9d2d4d840784b25474c89089e69eb407175c0c0a2452e07127bde0e199c1d54b93c2dd8892118e8ff8ba9b39ef7e3add63d0a03af6e12d68603ef432878a11de1e8d9ee0599e8ff38afea3aebccf7b69f2c0e2a5b32a8dc06a351c829ba286b327b443f1aebe7e3935bd683afbb2354c46893b1bac6b06874c69d471fad688dadfde05afb0b320aac80bcde9662f24bc9cad7f6b9d05d61b80b5664944012e149950a5ce5ea8d5b70eafa315869eec670978633c2913fe46b9ba220e009de3f76dd63927e4afd488ddf30f3e662faf73c055912ccd37c6f75f30034abe1bdee72c5f3901112a273d52d41515835587f6b9744e8e93ef267b7bd210a1ec6184f0165e52815d9be4326a92ad5e2f5da53f384084bb5e9360b7eab68bbcf2a135eec5c0dcb614b3d7a881c74a038799cc09adb001a4c7bb095bc89328bb2ac4d2edbf1a109456fab3f2eda8960656627213aad464e841423f3a021e4d9e580d997f77901f7662f8da9763b0b60d3c638d6210013f0ef9cea4f1e0287250b8d20fd6f92a15c88ffa486a03b4a26b95ba51651eddf99ce63254119b594494a92121054317f80ff0ef9abcf14cd99ef6977b035895ae845a02ba21e50074b7eb900f13e68e2397674f28ba37098f2ea27b4137a809a3cc75180bc7a9c7bfb829d2392168e4d1840712d4c406dd5abd8aa9f863508b29533a5a1047e87b91d78bab6463813f95c11e00b3dcc4905a72b5c4eaf2043affab150d7f7e19b07eac91db05e7c5de76e089d37ae467504ca4297f3c699276b5a00b7c204c7b4c351e6aa4e7ef7aaceed71e7b3288aca3d6f3cbf13d78a143878fca6b8dd2a46f53181db7b3d1345d1183038ba0ae1baf827733fbc73b0b2911a9dc69b30b799fe1442bd8e75feeab0cc2667ab0047bc81d857a7dd27aadaba342fc07bb3d569a69e972b00c6e984ef1ebdfd99f6db603ac6a997bf5fa7f8f760e8afc099071d00d0e7d5cf0045a2c09d7ce16314d41007dfc385771145d4599a1565587fd05e11cebefdf36128da5b7d2d8ff2ba775732f6b7c58763a83113cd03531e3d9b6b732babc7d8e43f3819e842880d056e7cf872ce495b8e6bba0e3eb9fff6da447a16b2d25d0c10a8d977538adfc47652a64775ebd552aea7d5930379e3781e6e05e21ef0b3b722a73908524859f2c46eebd59cd5a4ffd82704fbaefe73e908960d5f15d52329120d16d8bd89272f970193d255af6d23e6c40684966eac2ebd2b3e84c183638289612e94426f79b6766a7d70e8728f5393b8bc6fdf881b3abb9b3c7d23e4390570aa94dc08c72666c09cf36dfa272d1fc55ffaae3926b","","","","","","Normal","False","False","False","172.20.10.3:60463->112.91.137.251:30021/TCP","5","1789"
"2025-05-21 22:58:54.858520","172.20.10.3","112.91.137.251","60463","30021","TCP","467","467","5.0067901611328125e-06","PA","abf5f05e9170eca377d9b73cd211bd9f1368b1a7c08bebe93b353b8d192c992fe8eee7bfd7d79da8e7abd3d237f70bf93d76595e122e40a88399ffd759bbdec377de27b3495c4ada711f67efcf93817cd8be3b56f87af81c07f63aefbdf560ef56e5315500c2cd68cd141a81ab77d6d3c3842fa86239bea261dc06b05559477e6226b740ccaed64fecd5acc76eca87184d40a3c0807cca4326c99373bb3f9f0bf5158fe9b993f58b9dd9a5c0307d613ef8d60ae5c77365b7d718eb5189c7f95b3b8e8a5692fedd4b1aef831fc3714b3e87e678e81507b7a4545a8f289c75cd309e98f87bfec0ee060c69a5f9d6a76cf676141557e6660ef33071b29bad1c686898f59a4b547286c01bf495273839aba18f5d82b8473f182725c76f6f6df65e577a8334f68748c9e1ae01324605330d7abe6a568e8d7ddd2bfa404b34582e0fb7f710c1586713fed31d9d4b1fbe204b5243ccfd04fec0b36e3f4f3690bf3511f4095131ca2aa6a84c7e6c78e2bcf8334ba58f9fc6d7842af03e10dfc268009a35213def0c2ef67d8572958478daf7696669","","","","","","Normal","False","False","False","172.20.10.3:60463->112.91.137.251:30021/TCP","6","2256"
"2025-05-21 22:58:54.912859","112.91.137.251","172.20.10.3","30021","60463","TCP","66","66","0.054338932037353516","A","","","","","","","Normal","False","False","False","112.91.137.251:30021->172.20.10.3:60463/TCP","2","140"
"2025-05-21 22:58:54.912852","112.91.137.251","172.20.10.3","30021","60463","TCP","66","66","-6.9141387939453125e-06","A","","","","","","","Normal","False","False","False","112.91.137.251:30021->172.20.10.3:60463/TCP","3","206"
"2025-05-21 22:58:54.918354","112.91.137.251","172.20.10.3","30021","60463","TCP","66","66","0.005501985549926758","A","","","","","","","Normal","False","False","False","112.91.137.251:30021->172.20.10.3:60463/TCP","4","272"
"2025-05-21 22:58:54.918341","112.91.137.251","172.20.10.3","30021","60463","TCP","66","66","-1.3113021850585938e-05","A","","","","","","","Normal","False","False","False","112.91.137.251:30021->172.20.10.3:60463/TCP","5","338"
"2025-05-21 22:58:54.955322","112.91.137.251","172.20.10.3","30021","60367","TCP","482","482","-0.00015997886657714844","PA","9a379d529ef1685472348dd2219c56ac61a5c34f7dc5c26fcd9351ae40cd9b65a29cc8472212b1434237a9ef86d17d613af7bac5f0b9f1f41c83b2bd5336139adcbda5872110517cb5f84a4b0dc7e954ba28e8008e0b13ba5108d083b13429941021ae1d5d763cb5ad16b70d69ebb2487cddb629eca060445b551cae1dfda82c3df520448ff0e77ee9d159ec4eedb5cd62290a47df638b3f3e03f1a1b54920a5df82a718f95b3cd6b28e7ac79bf5a7e90f3e692d269718c20424a6527505d08dc15d4415b6ea310d9c9e48adc317705b6dce653996a39e03b90b170b467a41cdfa0a0c5d49d7e79916633cc3963f1f88dfb8360d0f73e00e8d2c2512ffa8a63ef36fbe66f8a0568e3da45c2c926b3b59bfa008f2ae816bd0bb29375a698311df722b6da2117c5e26df12bfdb1431fe4eedd089c8333a88ff2bc40c8c4a294318ef74de52cef17597f7e0518de285c2df936310fc68d6a02b3a24edb4802e107bbc3565afbc84cb49a35a256b0f3f1ffe0359dd6be585ba813c80bf9c3cdbdf55fe0b71103bd14cab95403eae0e921e601df5817746eaf46be3a02c911feb4d16","","","","","","Normal","False","False","False","112.91.137.251:30021->172.20.10.3:60367/TCP","2","548"
"2025-05-21 22:58:54.955482","172.20.10.3","112.91.137.251","60367","30021","TCP","66","66","0.03714108467102051","A","","","","","","","Normal","False","False","False","172.20.10.3:60367->112.91.137.251:30021/TCP","2","360"
"2025-05-21 22:58:54.958217","112.91.137.251","172.20.10.3","30021","60463","TCP","66","66","0.002894878387451172","FA","","","","","","","Normal","False","False","False","112.91.137.251:30021->172.20.10.3:60463/TCP","6","404"
"2025-05-21 22:58:54.958570","172.20.10.3","112.91.137.251","60463","30021","TCP","100","100","0.0002410411834716797","PA","ed65e90eb0db2a2b979bfbb91b774be9d4393b3269e5f0595e113346aff2a1283606","","","","","","Normal","False","False","False","172.20.10.3:60463->112.91.137.251:30021/TCP","8","2422"
"2025-05-21 22:58:54.958329","172.20.10.3","112.91.137.251","60463","30021","TCP","66","66","0.00011205673217773438","A","","","","","","","Normal","False","False","False","172.20.10.3:60463->112.91.137.251:30021/TCP","7","2322"
"2025-05-21 22:58:54.958673","172.20.10.3","112.91.137.251","60463","30021","TCP","66","66","0.000102996826171875","FA","","","","","","","Normal","False","False","False","172.20.10.3:60463->112.91.137.251:30021/TCP","9","2488"
"2025-05-21 22:58:54.964046","172.20.10.3","112.91.137.251","60467","30021","TCP","78","78","0.0053730010986328125","S","","","","","","","Normal","False","False","False","172.20.10.3:60467->112.91.137.251:30021/TCP","1","78"
"2025-05-21 22:58:54.964552","172.20.10.3","112.91.137.251","60367","30021","TCP","243","243","0.0003008842468261719","PA","e006c36308ed728f3b7aa22f86cf430f115644feb52abb1034b754d62449e924ee7501056cf8545ccc320614140044d5d9c0eb2537d87397447b410237941b31e411c32eefd778e9a82369ddc0bba9460c53eb4626410d725fc65d2c8a5ac5775b83e4d8a9bdace39576df4b6bfd5e9198796a254aae7c13f360c7e99dfc09ea036d62ac3c028e3e0ceb1379ed8f54392c7cd81184308b37b81711200b7b71b79cfefb2e71a0c9a5f38f245c1d10147e3c","","","","","","Normal","False","False","False","172.20.10.3:60367->112.91.137.251:30021/TCP","3","603"
"2025-05-21 22:58:55.033237","112.91.137.251","172.20.10.3","30021","60463","TCP","54","54","0.06868505477905273","R","","","","","","","Normal","False","False","False","112.91.137.251:30021->172.20.10.3:60463/TCP","7","458"
"2025-05-21 22:58:55.034177","112.91.137.251","172.20.10.3","30021","60467","TCP","74","74","0.0009400844573974609","SA","","","","","","","Normal","False","False","False","112.91.137.251:30021->172.20.10.3:60467/TCP","1","74"
"2025-05-21 22:58:55.034511","172.20.10.3","112.91.137.251","60467","30021","TCP","82","82","0.00033402442932128906","PA","914a49b2f7caa11b06d078c21b9a1551","","","","","","Normal","False","False","False","172.20.10.3:60467->112.91.137.251:30021/TCP","2","160"
"2025-05-21 22:58:55.034327","172.20.10.3","112.91.137.251","60467","30021","TCP","66","66","-0.00018405914306640625","A","","","","","","","Normal","False","False","False","172.20.10.3:60467->112.91.137.251:30021/TCP","3","226"
"2025-05-21 22:58:55.034569","172.20.10.3","112.91.137.251","60467","30021","TCP","129","129","0.00024199485778808594","PA","ee2295fb60523df4555fd2aba8f35f4f15616dc617b7725011fcdd9d9331023490bdc1092f8ad9b95f8d6d2aff72ea9415e79c7d5aef1069df7330396ebf39","","","","","","Normal","False","False","False","172.20.10.3:60467->112.91.137.251:30021/TCP","4","355"
"2025-05-21 22:58:55.034747","172.20.10.3","112.91.137.251","60467","30021","TCP","1434","1434","0.00017786026000976562","A","d3732b45688f0df938602a9272d9b72daa3446d109fab73739ed48b7c13ec9ef0f001ff79849a9459b7e3a2423056dbda90c322f8631641b37cba424a731071925182954dfef3d33f1998eb137fa0c238f10903722b2c38e1da4de251ec804bc08a1c5058f85284bd0e2d244476f4cc06f606ca53c86cab6d6650ef8542d8840de1b75d29b5224f31c1f58bea4844d7cdf00a38f3760e76923c739a00239a8e8641e75fba7b36dade3ddefb1fd1d843a69ae4a313833ffc012f79c0e06ee2db0601cbe28e112ca8eb72b08c9d10b2b48be7ab330fb3fa578ae7ded8f01b07688a838e794b29b881cdc6e0bb37698e8177511b1a8d271e5eb6c7d5273f38553aa493a8f5b17938436a1c8c001467e29e3a152590179376f142a38ec8bc6652732429fe0b9cb3b3dfbb5035dd64522a35d3d7683a07afb19dee2cd420d6706b25c24c86cec1cfb18438a2b83b5e12894350cdb9cd4c7b95a135a8aa83f83f0bf8dfd219744d008ca2b60baf9d96c0ce8a033f53d4649b9a9e4568ecf6105ead869929b3e8f7dc820615e4004d11ba4df7da7f887933530c43bb5b32a54d71626b193a48aadf91faf21a38b09217fbbe89750c352ff20b28aaf5743ac97be9ef300a8196d578f93d365b4d80abc416f0f2602f437b6db77651c3725f798ae2690222ecffb43a24a3bfcde9f5ab9758f6110382432b4b96d9396b5cf43a7419a97059516f2d8fee15cdad98410aa727a0a80675c081e43538cc54121150185ffe8b82ca65d3bee67bd184b63bd81279caea5df642384673d790eefc090bcf83aefc7a408fa905e8765343f6dac56cf755f6b093fcc4c1854cb47fb1695c3c58432f169b95904a7c45a3af75ec280a87801a87a881c66ebe090b55524babf2688bb21cd68fd14b89b86ec2252c85e9018fb71378cf8bd0b3e5fc55474e364df4573eb96a566d8bcc93df1fe95f1feabe77ae5871fc86c71f0ca12947ad92f8687952620b8400f8906b585f8577d9e83c207cda41ee6cd7c93eb5d96f36802f38ab5db56eaec2566f93524c453ab340630bb10e43988e0349bf7390e6e6b632daf6858386a5effbe175ec141d709ab9e554b4850bb1dcd3fc316a94665ff36a00fa24269f006827b0c7e526e49a99da415ab933cd11ca0ca68d4a1c9889baf052dad2b6de2b33a1f9bbc1c89b9949f2bbb7bcb71adb205e419573a949a7b736988eae50cf8e0abc74e7258b3918240a227a562a48ae213ec76d82a0800225b2d75b85336b0d2ae17089d03ac2748f29327a9d28fddc89a993b6e4e5aa1393aa244f8fc0837f21039bd0363ef38dea1edaef383b009959c636396544db14475a16ae78a30072a5b4b4fec8549d9b75ecf254b0df2e2d8a058e2aa592d799f0840031872daec2f73245a7c558b7de49dc090ee586ea353ce14b66284b5ebb50c0c86fa8854cff3ef6a80082c495ad4f9d21a353d3052c1b6ff24a4eefd8d4e9855107e9115765cba08c2cd3d0fe371df6063f473c0833ab0b10d6a65ae751e382d056fa8beadc8ca5e1a08823e2893c402e3c6addb899309dd7529a6777f7867bbc267d14c80de0b9af14fbdeb79c34dcc39aadd34da83a1afd50eaf63fbf7020aab9b7b4ab0c8c4906d84e5961292222ac6a4c7c2a3c4b8513ebea6205a0e7f037f37bbf3040342bcc543d4d9374030a21e84bee7cf56493347cf56be7aebcfe1bf432519d8d791d9c3cf4d96f4b0c20568f6ede1e6ad749405da94a17d07d24c0bf122a62a6bb28724970aa6e7164f5dc4b71717eae438ea38ba3384c06e47d512f6f91e5e402d49cbeb7df37ffa944e26f5460a1dc07641f5116f8789f91c694de5ffbc6daefb09477eef29d4378bbed392aeb081f0f958fb67cbcfaa421f4851bb2af980307cbfc6b95f9a4e966e3825e20b7c48eb2928337884","","","","","","Normal","False","False","False","172.20.10.3:60467->112.91.137.251:30021/TCP","5","1789"
"2025-05-21 22:58:55.034758","172.20.10.3","112.91.137.251","60467","30021","TCP","531","531","1.1205673217773438e-05","PA","ef2f27fefe1389877790ed5dbbe1ddbc2eb29784f99ba405ffd0ab190bd43e9c2c788848304353bbfeaf01740844b2ec3052e428f1025ac788b26603a657c68c58d01831c8f620fd10e57722fda566efb3d984be7c2d315c94ee294fbb0a0501fed39030535232aa3d7e4a220f7b63773ea0def296198e9e23c5b5bc6c5af8abc421df9ebc1a3ac7d3f3f7d0675bf4db14a9c73083441b46f1c793a404b4faaab48490b9234ef418971576427fa5fe6146f82dd58f4d352260efbd62c48b9a100c5c5636c5d7dd451062a33b658fcf793e9fe3ed86e549d1ad5fa8b894b9d6256478a1bfa268ff2d3afa1d4f6874ca972227c0910df87eb621da8979fcde6ffc3da6fb8a4b77632f68fa815a640dab9354a76a036fd4123ca7436cfaf9909e7b3c41a15db705f92c81663042bbdc0f8cff4ba3c93a30ce6f4ee2ebccc3e7f383014c2ba37684d574857f97380f8647b2dd165733dd028e8436c0621ac970bb587a18c22b8d4f518fc05ff2bf7f7e2ce139da52a117517b733c47dd6b4a54c45238124abcd7d918cf6e0553b603499c6e7a9fd4c77fda80432c19cf1fe6b4438ea6f95567b2de9cda4aefe659b1f46d06a76fe407bab69f1ba77e5b3154d432c764e105c50947698fb52248696aeed1b4fa","","","","","","Normal","False","False","False","172.20.10.3:60467->112.91.137.251:30021/TCP","6","2320"
"2025-05-21 22:58:55.036036","112.91.137.251","172.20.10.3","30021","60367","TCP","66","66","0.001277923583984375","A","","","","","","","Normal","False","False","False","112.91.137.251:30021->172.20.10.3:60367/TCP","3","614"
"2025-05-21 22:58:55.095368","112.91.137.251","172.20.10.3","30021","60467","TCP","66","66","8.821487426757812e-06","A","","","","","","","Normal","False","False","False","112.91.137.251:30021->172.20.10.3:60467/TCP","2","140"
"2025-05-21 22:58:55.095367","112.91.137.251","172.20.10.3","30021","60467","TCP","66","66","-0.00011610984802246094","A","","","","","","","Normal","False","False","False","112.91.137.251:30021->172.20.10.3:60467/TCP","3","206"
"2025-05-21 22:58:55.112368","112.91.137.251","172.20.10.3","30021","60467","TCP","66","66","0.014277219772338867","A","","","","","","","Normal","False","False","False","112.91.137.251:30021->172.20.10.3:60467/TCP","4","272"
"2025-05-21 22:58:55.112360","112.91.137.251","172.20.10.3","30021","60467","TCP","66","66","-8.106231689453125e-06","A","","","","","","","Normal","False","False","False","112.91.137.251:30021->172.20.10.3:60467/TCP","5","338"
"2025-05-21 22:58:55.146262","112.91.137.251","172.20.10.3","30021","60467","TCP","66","66","0.03390192985534668","FA","","","","","","","Normal","False","False","False","112.91.137.251:30021->172.20.10.3:60467/TCP","6","404"
"2025-05-21 22:58:55.146520","172.20.10.3","112.91.137.251","60467","30021","TCP","66","66","0.0002579689025878906","FA","","","","","","","Normal","False","False","False","172.20.10.3:60467->112.91.137.251:30021/TCP","7","2386"
"2025-05-21 22:58:55.146376","172.20.10.3","112.91.137.251","60467","30021","TCP","66","66","-0.00014400482177734375","A","","","","","","","Normal","False","False","False","172.20.10.3:60467->112.91.137.251:30021/TCP","8","2452"
"2025-05-21 22:58:55.146477","172.20.10.3","112.91.137.251","60467","30021","TCP","100","100","0.0001010894775390625","PA","d98816a583278df26828dda4a3433bbe33f91d49a00b8dec40f58ecb25f16f19b4cf","","","","","","Normal","False","False","False","172.20.10.3:60467->112.91.137.251:30021/TCP","9","2552"
"2025-05-21 22:58:55.147383","172.20.10.3","112.91.137.251","60480","30021","TCP","78","78","0.0009059906005859375","S","","","","","","","Normal","False","False","False","172.20.10.3:60480->112.91.137.251:30021/TCP","1","78"
